date,tavg,precip,pet
2026-05-01,21.8,3.0,3.42
2026-05-02,22.0,0.0,2.92
2026-05-03,23.4,3.0,3.95
2026-05-04,22.1,12.6,3.54
2026-05-05,21.7,0.0,3.4
2026-05-06,22.7,0.0,3.6
2026-05-07,22.5,37.8,3.25
2026-05-08,22.7,22.6,3.78
2026-05-09,21.4,0.0,2.98
2026-05-10,20.1,0.0,2.97
2026-05-11,21.3,0.0,3.16
2026-05-12,24.5,0.0,3.53
2026-05-13,24.5,0.0,4.0
2026-05-14,24.6,3.9,4.07
2026-05-15,23.2,0.0,3.42
2026-05-16,24.3,0.0,4.19
2026-05-17,23.2,15.7,3.28
2026-05-18,24.9,0.0,4.33
2026-05-19,23.5,0.0,3.37
2026-05-20,25.7,0.4,3.54
2026-05-21,24.4,34.4,4.19
2026-05-22,25.6,0.0,3.85
2026-05-23,22.9,0.0,4.2
2026-05-24,25.0,0.0,4.31
2026-05-25,25.1,0.0,4.55
2026-05-26,24.7,0.0,4.12
2026-05-27,25.0,1.4,3.99
2026-05-28,24.2,0.0,3.36
2026-05-29,26.8,0.0,4.45
2026-05-30,22.7,0.0,3.44
2026-05-31,27.9,0.0,4.51
2026-06-01,25.2,0.0,3.96
2026-06-02,27.2,0.0,4.63
2026-06-03,28.7,8.3,4.36
2026-06-04,27.6,0.0,5.22
2026-06-05,26.1,0.0,4.72
2026-06-06,27.9,0.0,5.01
2026-06-07,27.1,4.7,3.85
2026-06-08,29.7,0.0,4.86
2026-06-09,27.5,25.2,4.11
2026-06-10,27.6,0.0,4.36
2026-06-11,29.1,0.0,4.94
2026-06-12,28.3,0.0,4.86
2026-06-13,27.2,0.0,5.16
2026-06-14,27.9,0.0,4.95
2026-06-15,28.0,0.0,4.8
2026-06-16,27.0,0.0,3.97
2026-06-17,28.5,0.0,4.75
2026-06-18,27.2,0.9,4.2
2026-06-19,27.4,0.0,4.18
2026-06-20,28.4,13.3,4.43
2026-06-21,28.4,0.0,4.75
2026-06-22,27.1,0.0,4.14
2026-06-23,28.7,6.8,4.34
2026-06-24,27.3,0.0,4.57
2026-06-25,27.0,6.2,3.29
2026-06-26,27.4,2.5,5.05
2026-06-27,27.5,3.4,4.54
2026-06-28,29.9,0.0,4.59
2026-06-29,28.5,0.0,4.52
2026-06-30,30.6,0.0,3.98
2026-07-01,29.4,0.0,4.51
2026-07-02,29.3,5.7,5.09
2026-07-03,30.1,0.0,4.78
2026-07-04,28.0,0.0,4.59
2026-07-05,30.8,0.0,4.91
2026-07-06,29.9,0.0,5.06
2026-07-07,28.0,0.0,4.25
2026-07-08,30.9,0.0,5.13
2026-07-09,29.9,0.0,4.6
2026-07-10,30.2,0.0,4.95
2026-07-11,29.2,26.5,4.41
2026-07-12,29.6,0.0,5.28
2026-07-13,28.3,0.0,4.78
2026-07-14,30.4,0.0,4.76
2026-07-15,29.8,0.0,5.17
2026-07-16,29.4,0.0,5.04
2026-07-17,31.0,0.0,5.15
2026-07-18,30.3,3.7,4.84
2026-07-19,32.1,0.0,4.8
2026-07-20,29.4,0.0,4.88
2026-07-21,29.4,0.0,4.18
2026-07-22,29.8,0.0,4.73
2026-07-23,29.4,0.0,5.27
2026-07-24,30.4,9.7,5.0
2026-07-25,29.7,0.0,5.3
2026-07-26,30.5,8.0,5.42
2026-07-27,31.9,6.6,4.67
2026-07-28,30.0,0.0,4.83
2026-07-29,29.4,0.0,4.47
2026-07-30,28.8,0.9,4.47
2026-07-31,31.9,0.0,4.53
2026-08-01,30.8,1.6,4.47
2026-08-02,29.1,0.0,5.45
2026-08-03,31.6,3.4,4.4
2026-08-04,31.6,0.0,5.48
2026-08-05,28.6,31.9,4.88
2026-08-06,32.1,0.0,4.31
2026-08-07,30.1,0.0,4.76
2026-08-08,28.5,0.0,5.37
2026-08-09,31.3,18.6,4.46
2026-08-10,31.7,0.0,5.59
2026-08-11,30.2,0.0,5.56
2026-08-12,29.1,0.3,5.32
2026-08-13,30.1,0.0,5.16
2026-08-14,30.7,0.0,4.84
2026-08-15,27.0,0.0,4.98
2026-08-16,30.2,0.0,4.76
2026-08-17,30.9,1.4,5.87
2026-08-18,27.8,0.0,4.7
2026-08-19,28.4,0.0,4.25
2026-08-20,28.7,0.0,4.44
2026-08-21,32.2,0.0,5.15
2026-08-22,29.0,0.0,3.99
2026-08-23,29.0,0.0,4.76
2026-08-24,28.7,0.0,4.9
2026-08-25,29.0,0.0,4.31
2026-08-26,28.1,0.0,4.72
2026-08-27,29.9,0.0,5.09
2026-08-28,27.9,0.0,3.68
2026-08-29,28.5,4.1,5.03
2026-08-30,27.4,0.0,4.61
2026-08-31,27.5,7.7,4.5
2026-09-01,30.4,1.1,4.46
2026-09-02,26.9,0.0,4.26
2026-09-03,29.4,0.0,4.1
2026-09-04,28.6,3.4,4.84
2026-09-05,26.1,6.4,4.29
2026-09-06,27.8,0.0,4.25
2026-09-07,27.3,0.0,4.38
2026-09-08,30.1,0.0,4.84
2026-09-09,29.0,38.0,4.91
2026-09-10,27.6,22.6,4.4
2026-09-11,25.8,0.0,4.32
2026-09-12,29.4,0.0,4.66
2026-09-13,28.9,0.0,4.28
2026-09-14,25.3,0.0,4.02
2026-09-15,29.0,0.0,4.25
2026-09-16,27.3,0.0,4.67
2026-09-17,27.4,0.0,3.9
2026-09-18,27.1,0.0,4.49
2026-09-19,26.9,0.0,4.65
2026-09-20,27.5,0.0,4.62
2026-09-21,26.7,0.0,4.13
2026-09-22,25.5,6.5,3.97
2026-09-23,27.9,0.0,4.17
2026-09-24,27.7,0.0,3.91
2026-09-25,27.5,0.0,4.41
2026-09-26,28.0,0.0,3.7
2026-09-27,26.1,0.0,3.67
2026-09-28,26.2,0.0,4.46
2026-09-29,26.9,0.0,4.38
2026-09-30,25.2,0.0,4.16
2026-10-01,26.8,6.0,4.69
2026-10-02,25.2,0.0,4.0
2026-10-03,26.3,5.7,4.54
2026-10-04,25.5,0.0,4.43
2026-10-05,23.7,0.0,4.25
2026-10-06,25.0,9.3,4.16
2026-10-07,26.0,0.0,4.16
2026-10-08,25.1,0.0,3.44
2026-10-09,25.4,2.0,3.98
2026-10-10,25.7,0.0,4.54
2026-10-11,24.7,0.0,4.56
2026-10-12,25.0,0.0,4.48
2026-10-13,25.7,0.0,4.61
2026-10-14,24.1,0.0,3.92
2026-10-15,22.5,0.0,2.69
2026-10-16,23.6,0.0,3.61
2026-10-17,23.1,0.0,3.57
2026-10-18,24.3,49.5,3.46
2026-10-19,23.5,0.0,3.39
2026-10-20,22.1,0.0,3.89
2026-10-21,24.3,38.9,3.28
2026-10-22,21.4,0.0,2.85
2026-10-23,20.9,0.0,3.6
2026-10-24,22.3,0.0,4.29
2026-10-25,21.1,0.0,3.43
2026-10-26,22.0,0.0,4.3
2026-10-27,24.3,7.5,4.31
